{"cameraMode":{"drawMode":0,"name":"Shaded","section":"Shading Mode"},"sceneLighting":true,"audioPlay":false,"sceneViewState":{"showFog":true,"showMaterialUpdate":false,"showSkybox":true,"showFlares":true,"showImageEffects":true,"showParticleSystems":true},"in2DMode":false,"pivot":{"x":-5.144878387451172,"y":-3.3094558715820314,"z":3.1123266220092775},"rotation":{"x":-0.33482110500335696,"y":0.5931462645530701,"z":-0.29669156670570376,"w":-0.66936856508255},"size":6.918739318847656,"orthographic":false}